url,caption
https://www.tiktok.com/@engineeringinaction/video/7280853017065295109
https://www.tiktok.com/@engineeringinaction/video/7448767394631159045
https://www.tiktok.com/@octane_workholding/video/7104636449366068522
https://www.tiktok.com/@stemvlogs/video/7309305290195815722
https://www.tiktok.com/@advancecivilengineers/video/7238726995729796378
https://www.tiktok.com/@stirling..engine/video/7455483034020760850
https://www.tiktok.com/@engineering.coach/video/7449391541736508690
https://www.tiktok.com/@mikemason.us/video/7379661806467419422
https://www.tiktok.com/@the_world_of_chinese/video/7404518375164022048
https://www.tiktok.com/@driving_lessons/video/7341071266872397099
https://www.tiktok.com/@rs.rs6953/video/7504696667484982570
https://www.tiktok.com/@svanfon/video/7431138722034289941
https://www.tiktok.com/@engineerspot/video/7378241742266551595
https://www.tiktok.com/@engineerspot/video/7508471842282196270
https://www.tiktok.com/@engineerspot/video/7508122006781431086
https://www.tiktok.com/@remboo8087/video/7506199886304382215
https://www.tiktok.com/@diya_sexy/video/7460059224429645087